Episode No.,Avg Reward,Team Reward,Agent 0 reached goal,Agent 1 reached goal,Goals reached,Agent 0 X,Agent 0 Y,Agent 1 X,Agent 1 Y,Agent 0 Goal X,Agent 0 Goal Y,Agent 1 Goal X,Agent 1 Goal Y
0,-54.55,-40.00,1,0,1,0,4,1,1,4,9,5,9
10,-34.00,-40.00,0,1,1,0,3,7,8,4,9,5,9
20,-48.20,10.30,1,1,2,2,6,3,0,4,9,5,9
30,-70.38,-40.00,0,0,0,6,4,5,3,4,9,5,9
40,-26.08,-40.00,1,0,1,6,9,1,3,4,9,5,9
50,-28.03,-40.00,0,1,1,8,4,9,8,4,9,5,9
60,-28.58,-40.00,0,1,1,0,3,9,9,4,9,5,9
70,-10.30,32.20,1,1,2,2,6,6,1,4,9,5,9
80,-30.93,-40.00,0,1,1,8,2,7,7,4,9,5,9
90,-3.48,36.70,1,1,2,4,9,1,6,4,9,5,9
100,-43.50,-40.00,1,0,1,6,2,1,5,4,9,5,9
110,-66.07,-40.00,0,0,0,9,3,2,2,4,9,5,9
120,-29.23,-40.00,1,0,1,6,3,3,5,4,9,5,9
130,-32.37,-40.00,0,1,1,4,2,4,6,4,9,5,9
140,-55.25,-40.00,0,0,0,0,6,9,6,4,9,5,9
150,-50.75,-40.00,1,0,1,8,6,9,6,4,9,5,9
160,-65.78,-40.00,0,0,0,3,7,5,2,4,9,5,9
170,-66.78,-40.00,0,0,0,1,4,1,1,4,9,5,9
180,-23.43,-40.00,1,0,1,4,7,9,1,4,9,5,9
190,-57.98,-40.00,0,0,0,9,4,1,0,4,9,5,9
200,-59.70,-40.00,1,0,1,2,2,3,8,4,9,5,9
210,-32.60,-40.00,1,0,1,5,6,2,4,4,9,5,9
220,-67.70,-40.00,0,0,0,6,0,2,1,4,9,5,9
230,-9.60,33.30,1,1,2,9,9,6,9,4,9,5,9
240,-62.33,-40.00,0,0,0,8,1,1,0,4,9,5,9
250,-46.73,-40.00,0,1,1,9,1,9,9,4,9,5,9
260,-19.60,-40.00,0,1,1,0,4,5,9,4,9,5,9
270,-49.30,-40.00,0,1,1,9,6,8,9,4,9,5,9
280,-34.28,-40.00,0,1,1,0,1,6,4,4,9,5,9
290,7.70,46.90,1,1,2,2,7,5,8,4,9,5,9
300,-19.80,23.80,1,1,2,2,7,5,0,4,9,5,9
310,-65.23,-40.00,0,0,0,5,6,7,4,4,9,5,9
320,-56.43,-40.00,0,0,0,9,3,4,4,4,9,5,9
330,-65.58,-40.00,0,0,0,0,1,8,4,4,9,5,9
340,-25.70,-40.00,0,1,1,9,9,3,5,4,9,5,9
350,-55.70,-40.00,0,0,0,6,0,0,3,4,9,5,9
360,-58.85,-40.00,0,0,0,0,5,0,8,4,9,5,9
370,-71.53,-40.00,0,0,0,1,4,4,5,4,9,5,9
380,-67.70,13.50,1,1,2,7,2,1,1,4,9,5,9
390,-23.00,-40.00,0,1,1,3,1,0,8,4,9,5,9
400,-60.83,-40.00,0,0,0,8,5,2,4,4,9,5,9
410,-64.18,-40.00,0,0,0,7,3,5,3,4,9,5,9
420,-74.45,-40.00,0,0,0,4,2,2,3,4,9,5,9
430,-29.40,28.90,1,1,2,2,4,9,2,4,9,5,9
440,-10.65,19.90,1,1,2,7,5,8,8,4,9,5,9
450,-53.87,-40.00,0,1,1,1,7,2,4,4,9,5,9
460,-35.50,-40.00,0,1,1,3,0,7,6,4,9,5,9
470,-28.75,11.40,1,1,2,4,4,9,2,4,9,5,9
480,-34.10,-40.00,1,0,1,8,5,7,3,4,9,5,9
490,-46.88,-40.00,0,0,0,9,0,1,3,4,9,5,9
500,-46.97,-40.00,0,1,1,0,6,8,7,4,9,5,9
510,-29.05,42.50,1,1,2,6,0,8,6,4,9,5,9
520,-50.98,-40.00,0,0,0,1,2,4,4,4,9,5,9
530,-28.10,-40.00,0,1,1,5,5,8,7,4,9,5,9
540,-37.40,-40.00,0,1,1,7,6,4,9,4,9,5,9
550,-24.68,-40.00,0,1,1,8,5,8,9,4,9,5,9
560,-45.80,-40.00,0,0,0,3,0,8,5,4,9,5,9
570,-73.22,-40.00,0,1,1,8,7,0,3,4,9,5,9
580,-57.58,-40.00,0,0,0,9,5,4,1,4,9,5,9
590,-52.75,-40.00,0,0,0,1,5,7,1,4,9,5,9
600,-25.63,20.20,1,1,2,7,0,7,7,4,9,5,9
610,-23.73,-40.00,0,1,1,9,1,2,4,4,9,5,9
620,-40.30,-40.00,0,1,1,8,2,9,8,4,9,5,9
630,-31.80,-40.00,1,0,1,8,0,4,3,4,9,5,9
640,-11.08,29.60,1,1,2,6,7,4,5,4,9,5,9
650,-22.70,-40.00,0,1,1,4,6,4,8,4,9,5,9
660,-26.18,-40.00,0,1,1,0,6,5,5,4,9,5,9
670,-58.73,-40.00,0,0,0,1,3,1,6,4,9,5,9
680,-52.78,-40.00,0,0,0,9,1,3,3,4,9,5,9
690,-78.92,-40.00,0,0,0,2,5,8,6,4,9,5,9
700,-58.75,-40.00,0,0,0,3,0,8,0,4,9,5,9
710,-50.95,-40.00,0,0,0,0,0,2,5,4,9,5,9
720,-48.23,-40.00,0,0,0,0,3,1,7,4,9,5,9
730,-49.53,-40.00,0,0,0,2,3,5,1,4,9,5,9
740,-47.15,-40.00,0,0,0,4,3,0,0,4,9,5,9
750,-42.68,-40.00,0,1,1,9,4,9,7,4,9,5,9
760,-47.23,-40.00,0,0,0,6,6,0,9,4,9,5,9
770,-42.55,-40.00,0,0,0,2,3,9,6,4,9,5,9
780,-4.22,36.90,1,1,2,0,7,8,8,4,9,5,9
790,-45.83,-40.00,1,0,1,1,7,6,1,4,9,5,9
800,-18.65,-40.00,1,0,1,4,5,5,7,4,9,5,9
810,-83.37,-40.00,1,0,1,0,1,7,6,4,9,5,9
820,-33.18,-40.00,1,0,1,4,2,3,0,4,9,5,9
830,-36.37,-40.00,0,1,1,8,5,5,9,4,9,5,9
840,-50.60,-40.00,0,0,0,7,9,8,2,4,9,5,9
850,-29.00,-40.00,1,0,1,4,4,0,1,4,9,5,9
860,-27.40,13.80,1,1,2,0,7,5,7,4,9,5,9
870,-38.83,-40.00,0,1,1,3,3,6,3,4,9,5,9
880,-38.55,-40.00,0,1,1,0,6,9,6,4,9,5,9
890,-116.52,-40.00,0,0,0,1,1,8,5,4,9,5,9
900,-52.00,-40.00,1,0,1,3,7,1,2,4,9,5,9
910,-21.90,-40.00,0,1,1,2,7,4,9,4,9,5,9
920,-51.08,-40.00,0,0,0,2,2,4,5,4,9,5,9
930,-15.40,-40.00,1,0,1,4,6,3,0,4,9,5,9
940,-24.98,-40.00,1,0,1,3,4,6,3,4,9,5,9
950,-45.05,-40.00,0,0,0,5,4,4,6,4,9,5,9
960,-65.80,-40.00,0,1,1,1,0,3,7,4,9,5,9
970,-48.13,-40.00,1,0,1,3,3,1,4,4,9,5,9
980,-41.10,-40.00,1,0,1,0,8,1,5,4,9,5,9
990,-53.05,-40.00,0,0,0,8,0,9,3,4,9,5,9
1000,-48.45,-40.00,0,0,0,8,1,9,7,4,9,5,9
1010,-35.93,-40.00,0,1,1,1,5,1,4,4,9,5,9
1020,-35.10,16.00,1,1,2,2,7,6,9,4,9,5,9
1030,-83.17,-40.00,0,0,0,7,3,6,0,4,9,5,9
1040,-87.65,-40.00,0,0,0,9,6,9,3,4,9,5,9
1050,-56.05,-40.00,0,0,0,3,7,1,6,4,9,5,9
1060,-54.00,-40.00,0,0,0,7,0,7,6,4,9,5,9
1070,-20.33,-40.00,1,0,1,5,9,8,6,4,9,5,9
1080,-23.43,-40.00,1,0,1,4,4,5,4,4,9,5,9
1090,-24.40,26.00,1,1,2,3,4,0,6,4,9,5,9
1100,-25.80,13.50,1,1,2,3,5,9,7,4,9,5,9
1110,-61.43,-40.00,0,0,0,4,1,3,2,4,9,5,9
1120,-19.48,-40.00,1,0,1,4,3,2,7,4,9,5,9
1130,-30.80,-40.00,1,0,1,0,0,7,4,4,9,5,9
1140,-15.93,31.50,1,1,2,1,5,4,8,4,9,5,9
1150,-27.28,-40.00,1,0,1,7,1,2,1,4,9,5,9
1160,-32.13,-40.00,1,0,1,1,6,5,2,4,9,5,9
1170,-43.35,-40.00,0,0,0,0,3,0,8,4,9,5,9
1180,-62.65,-40.00,1,0,1,1,3,5,3,4,9,5,9
1190,-12.88,29.60,1,1,2,7,3,9,8,4,9,5,9
1200,4.58,39.80,1,1,2,6,4,9,5,4,9,5,9
1210,-18.78,-40.00,0,1,1,4,5,5,8,4,9,5,9
1220,-63.17,-40.00,1,0,1,9,3,2,4,4,9,5,9
1230,-17.53,-40.00,0,1,1,2,1,4,9,4,9,5,9
1240,-18.55,17.00,1,1,2,1,5,2,6,4,9,5,9
1250,-29.73,34.10,1,1,2,9,5,4,6,4,9,5,9
1260,-122.40,-40.00,0,0,0,8,6,5,4,4,9,5,9
1270,-75.00,-40.00,1,0,1,1,7,4,8,4,9,5,9
1280,-56.82,-40.00,0,1,1,0,1,8,4,4,9,5,9
1290,-33.23,38.50,1,1,2,0,2,1,5,4,9,5,9
1300,-4.98,35.70,1,1,2,0,7,9,1,4,9,5,9
1310,-48.77,-40.00,1,0,1,5,8,7,3,4,9,5,9
1320,-34.15,-40.00,1,0,1,3,4,4,2,4,9,5,9
1330,-37.35,15.50,1,1,2,5,0,6,2,4,9,5,9
1340,-54.30,23.60,1,1,2,5,1,9,2,4,9,5,9
1350,-5.63,37.40,1,1,2,6,5,4,5,4,9,5,9
1360,-9.25,28.60,1,1,2,0,8,7,4,4,9,5,9
1370,-53.50,-40.00,0,1,1,5,4,4,0,4,9,5,9
1380,-70.15,-40.00,0,1,1,2,5,1,9,4,9,5,9
1390,-51.57,-40.00,0,1,1,1,1,6,4,4,9,5,9
1400,-56.60,-40.00,0,1,1,8,3,9,7,4,9,5,9
1410,-20.05,-40.00,1,0,1,9,0,1,9,4,9,5,9
1420,-42.70,18.00,1,1,2,4,2,2,8,4,9,5,9
1430,-121.80,-40.00,1,0,1,7,6,8,0,4,9,5,9
1440,-35.37,23.40,1,1,2,4,1,5,7,4,9,5,9
1450,-86.92,-40.00,0,1,1,5,3,4,7,4,9,5,9
1460,-20.73,-40.00,0,1,1,3,0,5,2,4,9,5,9
1470,-4.98,44.00,1,1,2,4,4,5,9,4,9,5,9
1480,-58.47,10.20,1,1,2,9,2,2,5,4,9,5,9
1490,-132.90,-40.00,1,0,1,3,4,4,1,4,9,5,9
1500,-92.97,-40.00,1,0,1,8,2,0,3,4,9,5,9
1510,-108.62,-40.00,0,1,1,9,1,7,4,4,9,5,9
1520,-16.18,27.00,1,1,2,0,0,3,3,4,9,5,9
1530,-117.32,-40.00,0,1,1,1,0,4,5,4,9,5,9
1540,-1.65,43.20,1,1,2,2,7,9,5,4,9,5,9
1550,-59.35,34.60,1,1,2,9,8,6,8,4,9,5,9
1560,-22.98,12.00,1,1,2,8,1,5,4,4,9,5,9
1570,-16.18,12.70,1,1,2,5,8,6,1,4,9,5,9
1580,-69.47,-40.00,1,0,1,8,7,9,0,4,9,5,9
1590,-149.95,-40.00,1,0,1,4,8,1,0,4,9,5,9
1600,-45.27,-40.00,0,1,1,1,3,3,1,4,9,5,9
1610,-5.78,35.90,1,1,2,4,7,5,3,4,9,5,9
1620,-29.55,-40.00,1,0,1,8,6,6,1,4,9,5,9
1630,-92.15,-40.00,0,1,1,8,6,5,1,4,9,5,9
1640,6.90,45.80,1,1,2,3,2,4,5,4,9,5,9
1650,-30.50,-40.00,0,1,1,7,7,5,6,4,9,5,9
1660,-11.53,18.30,1,1,2,7,7,9,2,4,9,5,9
1670,-52.70,18.00,1,1,2,3,7,2,5,4,9,5,9
1680,-15.65,-40.00,0,1,1,1,7,3,5,4,9,5,9
1690,-29.60,-40.00,1,0,1,5,8,5,6,4,9,5,9
1700,-151.00,-40.00,1,0,1,5,5,5,1,4,9,5,9
1710,-209.40,-40.00,0,1,1,1,5,8,3,4,9,5,9
1720,-16.05,-40.00,0,1,1,4,0,3,5,4,9,5,9
1730,-107.75,-40.00,0,1,1,2,2,3,1,4,9,5,9
1740,-28.83,-40.00,0,1,1,9,6,9,9,4,9,5,9
1750,-85.45,18.40,1,1,2,4,7,1,6,4,9,5,9
1760,6.10,42.70,1,1,2,2,9,4,8,4,9,5,9
1770,-94.70,-40.00,1,0,1,4,0,8,6,4,9,5,9
1780,-3.08,36.00,1,1,2,0,7,1,7,4,9,5,9
1790,-50.52,-40.00,0,1,1,3,8,0,9,4,9,5,9
1800,-76.30,15.10,1,1,2,7,6,2,1,4,9,5,9
1810,-205.75,-40.00,0,0,0,5,1,2,4,4,9,5,9
1820,-29.75,-40.00,0,1,1,3,4,6,0,4,9,5,9
1830,-144.07,-40.00,1,0,1,3,6,5,0,4,9,5,9
1840,5.58,41.90,1,1,2,6,9,8,8,4,9,5,9
1850,-84.22,-40.00,1,0,1,2,8,1,4,4,9,5,9
1860,-21.23,-40.00,0,1,1,5,3,9,5,4,9,5,9
1870,-17.33,-40.00,0,1,1,3,0,4,8,4,9,5,9
1880,-178.88,-40.00,0,0,0,6,4,2,0,4,9,5,9
1890,-18.25,-40.00,1,0,1,6,2,7,8,4,9,5,9
1900,-133.12,-40.00,1,0,1,8,6,6,9,4,9,5,9
1910,-25.55,-40.00,0,1,1,0,3,1,7,4,9,5,9
1920,-91.20,-40.00,0,0,0,5,4,3,5,4,9,5,9
1930,-76.80,-40.00,0,0,0,3,1,3,3,4,9,5,9
1940,-34.28,-40.00,0,1,1,8,8,5,1,4,9,5,9
1950,-75.55,-40.00,0,1,1,7,4,0,4,4,9,5,9
1960,-18.48,-40.00,0,1,1,7,3,0,6,4,9,5,9
1970,-29.78,-40.00,0,1,1,9,0,5,8,4,9,5,9
1980,-146.60,-40.00,0,1,1,5,0,4,9,4,9,5,9
1990,-45.98,-40.00,0,0,0,5,4,4,0,4,9,5,9
2000,-174.40,-40.00,0,0,0,8,7,5,0,4,9,5,9
2010,-32.35,-40.00,0,1,1,4,3,3,3,4,9,5,9
2020,-106.67,-40.00,0,1,1,1,1,1,7,4,9,5,9
2030,-54.60,-40.00,1,0,1,3,6,7,3,4,9,5,9
2040,-22.53,-40.00,0,1,1,9,5,0,7,4,9,5,9
2050,-43.68,-40.00,0,1,1,5,9,3,5,4,9,5,9
2060,-56.75,-40.00,0,0,0,9,3,7,5,4,9,5,9
2070,-42.05,-40.00,0,0,0,1,9,9,1,4,9,5,9
2080,-193.80,-40.00,0,1,1,8,0,2,8,4,9,5,9
2090,-42.73,-40.00,0,0,0,6,5,6,0,4,9,5,9
2100,-41.53,-40.00,0,0,0,6,6,5,7,4,9,5,9
2110,-41.48,-40.00,0,0,0,5,5,2,6,4,9,5,9
2120,-29.05,-40.00,1,0,1,3,9,2,8,4,9,5,9
2130,-37.80,-40.00,1,0,1,7,8,7,0,4,9,5,9
2140,-58.40,-40.00,1,0,1,3,9,9,5,4,9,5,9
2150,-47.35,-40.00,0,1,1,9,1,5,1,4,9,5,9
2160,-90.92,-40.00,0,1,1,4,2,8,3,4,9,5,9
2170,5.73,40.50,1,1,2,4,9,9,2,4,9,5,9
2180,-23.50,-40.00,0,1,1,0,0,4,4,4,9,5,9
2190,-241.90,-40.00,0,0,0,1,2,2,7,4,9,5,9
2200,-88.25,-40.00,0,1,1,2,0,4,1,4,9,5,9
2210,-65.98,-40.00,0,1,1,8,4,9,1,4,9,5,9
2220,-201.80,-40.00,0,0,0,8,1,2,0,4,9,5,9
2230,-30.05,-40.00,0,1,1,3,4,6,7,4,9,5,9
2240,-40.10,-40.00,0,0,0,6,6,3,6,4,9,5,9
2250,-21.63,-40.00,0,1,1,3,1,9,0,4,9,5,9
2260,-40.83,-40.00,0,0,0,4,2,7,9,4,9,5,9
2270,-39.62,-40.00,1,0,1,4,9,3,3,4,9,5,9
2280,-39.85,-40.00,0,0,0,9,6,6,7,4,9,5,9
2290,-83.37,-40.00,0,0,0,3,1,1,3,4,9,5,9
2300,-80.25,-40.00,0,0,0,5,3,0,4,4,9,5,9
2310,-63.32,-40.00,0,0,0,4,1,9,2,4,9,5,9
2320,-176.63,-40.00,0,0,0,0,1,5,1,4,9,5,9
2330,-362.20,-40.00,0,0,0,1,5,8,0,4,9,5,9
2340,-41.05,-40.00,0,0,0,9,2,6,6,4,9,5,9
2350,-40.30,-40.00,0,0,0,8,2,0,0,4,9,5,9
2360,-41.15,-40.00,0,0,0,7,7,8,7,4,9,5,9
2370,-40.30,-40.00,0,0,0,7,9,2,4,4,9,5,9
2380,-54.58,-40.00,0,0,0,1,2,1,8,4,9,5,9
2390,-126.22,-40.00,0,0,0,3,1,6,2,4,9,5,9
2400,-42.53,-40.00,0,0,0,8,9,0,5,4,9,5,9
2410,-19.65,-40.00,1,0,1,5,8,2,3,4,9,5,9
2420,-78.10,-40.00,0,0,0,5,0,9,2,4,9,5,9
2430,-22.08,-40.00,1,0,1,3,8,4,9,4,9,5,9
2440,-221.73,-40.00,0,0,0,1,3,5,1,4,9,5,9
2450,-39.85,-40.00,0,0,0,4,7,0,8,4,9,5,9
2460,-43.40,-40.00,0,0,0,2,3,6,0,4,9,5,9
2470,-16.73,-40.00,1,0,1,4,7,7,9,4,9,5,9
2480,-39.80,-40.00,0,0,0,0,2,7,9,4,9,5,9
2490,-61.95,-40.00,0,1,1,5,1,3,7,4,9,5,9
2500,-51.58,-40.00,0,0,0,0,0,8,4,4,9,5,9
2510,-15.33,-40.00,0,1,1,3,5,5,9,4,9,5,9
2520,-199.73,-40.00,0,0,0,8,0,8,2,4,9,5,9
2530,-42.50,-40.00,0,0,0,6,3,2,2,4,9,5,9
2540,-177.45,-40.00,1,0,1,9,4,1,0,4,9,5,9
2550,-234.38,-40.00,0,0,0,4,2,0,6,4,9,5,9
2560,-43.95,-40.00,0,0,0,1,3,3,1,4,9,5,9
2570,-39.73,-40.00,0,0,0,9,8,4,3,4,9,5,9
2580,-53.38,-40.00,0,0,0,9,8,8,6,4,9,5,9
2590,-39.80,-40.00,0,0,0,0,6,9,2,4,9,5,9
2600,-42.55,-40.00,0,0,0,4,4,5,3,4,9,5,9
2610,-200.10,-40.00,0,0,0,9,3,7,1,4,9,5,9
2620,-220.30,-40.00,0,0,0,2,1,6,4,4,9,5,9
2630,-78.62,-40.00,0,0,0,8,2,2,3,4,9,5,9
2640,-208.45,-40.00,0,0,0,0,4,0,6,4,9,5,9
2650,-39.95,-40.00,0,0,0,5,9,5,6,4,9,5,9
2660,-41.28,-40.00,0,0,0,3,2,3,8,4,9,5,9
2670,-108.80,-40.00,0,0,0,5,1,4,1,4,9,5,9
2680,-42.48,-40.00,0,0,0,7,3,0,0,4,9,5,9
2690,-41.15,-40.00,0,0,0,3,0,4,7,4,9,5,9
2700,-62.80,-40.00,0,0,0,9,3,8,3,4,9,5,9
2710,-40.35,-40.00,0,0,0,3,3,6,4,4,9,5,9
2720,-41.60,-40.00,0,0,0,8,8,7,9,4,9,5,9
2730,-40.70,-40.00,0,0,0,6,4,3,8,4,9,5,9
2740,-42.55,-40.00,0,0,0,7,7,0,0,4,9,5,9
2750,-377.93,-40.00,0,0,0,5,1,7,5,4,9,5,9
2760,-43.03,-40.00,0,0,0,2,3,7,3,4,9,5,9
2770,-40.80,-40.00,0,0,0,8,3,3,5,4,9,5,9
2780,-110.97,-40.00,0,0,0,7,3,0,7,4,9,5,9
2790,-41.65,-40.00,0,0,0,9,4,9,5,4,9,5,9
2800,-220.85,-40.00,0,0,0,9,1,7,2,4,9,5,9
2810,-158.25,-40.00,0,0,0,0,9,7,7,4,9,5,9
2820,-201.85,-40.00,0,0,0,9,7,8,0,4,9,5,9
2830,-203.25,-40.00,0,0,0,9,5,1,0,4,9,5,9
2840,-41.15,-40.00,0,0,0,6,1,2,7,4,9,5,9
2850,-219.90,-40.00,0,0,0,2,5,6,8,4,9,5,9
2860,-42.18,-40.00,0,0,0,6,8,6,2,4,9,5,9
2870,-58.28,-40.00,0,0,0,9,0,7,6,4,9,5,9
2880,-41.68,-40.00,0,0,0,0,4,1,7,4,9,5,9
2890,-219.90,-40.00,0,0,0,5,1,2,9,4,9,5,9
2900,-67.70,-40.00,0,0,0,7,6,0,0,4,9,5,9
2910,-16.30,-40.00,1,0,1,4,8,7,3,4,9,5,9
2920,-42.08,-40.00,0,0,0,7,7,3,4,4,9,5,9
2930,-40.35,-40.00,0,0,0,3,9,8,8,4,9,5,9
2940,-207.38,-40.00,0,0,0,5,0,9,0,4,9,5,9
2950,-41.73,-40.00,0,0,0,8,3,9,0,4,9,5,9
2960,-220.83,-40.00,0,0,0,7,1,6,6,4,9,5,9
2970,-400.00,-40.00,0,0,0,2,6,7,5,4,9,5,9
2980,-32.73,-40.00,1,0,1,6,8,9,3,4,9,5,9
2990,-39.95,-40.00,0,0,0,3,9,9,8,4,9,5,9
3000,-201.05,-40.00,0,0,0,1,3,1,0,4,9,5,9
3010,-42.13,-40.00,0,0,0,7,3,0,1,4,9,5,9
3020,-40.30,-40.00,0,0,0,8,7,2,8,4,9,5,9
3030,-26.43,-40.00,0,1,1,5,1,6,6,4,9,5,9
3040,-220.83,-40.00,0,0,0,7,1,3,1,4,9,5,9
3050,-293.32,-40.00,0,0,0,8,4,4,3,4,9,5,9
3060,-220.38,-40.00,0,0,0,1,5,5,6,4,9,5,9
3070,-39.93,-40.00,0,0,0,4,6,9,6,4,9,5,9
3080,-109.62,-40.00,0,0,0,0,1,7,6,4,9,5,9
3090,-32.28,-40.00,1,0,1,2,7,5,7,4,9,5,9
3100,-221.25,-40.00,0,0,0,4,2,6,0,4,9,5,9
3110,-48.88,-40.00,0,0,0,1,6,0,5,4,9,5,9
3120,-41.68,-40.00,0,0,0,6,6,6,4,4,9,5,9
3130,-263.60,-40.00,0,0,0,4,0,1,5,4,9,5,9
3140,-198.80,-40.00,0,0,0,2,0,9,6,4,9,5,9
3150,-220.40,-40.00,0,0,0,2,1,5,4,4,9,5,9
3160,-39.88,-40.00,0,0,0,5,9,0,1,4,9,5,9
3170,-41.60,-40.00,0,0,0,3,4,6,5,4,9,5,9
3180,-387.40,-40.00,0,0,0,8,6,8,0,4,9,5,9
3190,-220.43,-40.00,0,0,0,4,2,8,7,4,9,5,9
3200,-41.60,-40.00,0,0,0,6,1,3,7,4,9,5,9
3210,-220.90,-40.00,0,0,0,8,5,7,8,4,9,5,9
3220,-80.40,-40.00,0,0,0,4,1,6,2,4,9,5,9
3230,-41.33,-40.00,0,0,0,6,9,2,3,4,9,5,9
3240,-266.77,-40.00,0,0,0,8,1,1,3,4,9,5,9
3250,-221.30,-40.00,0,0,0,6,2,8,1,4,9,5,9
3260,-40.78,-40.00,0,0,0,0,1,9,6,4,9,5,9
3270,-40.73,-40.00,0,0,0,7,8,9,2,4,9,5,9
3280,-220.40,-40.00,0,0,0,6,6,2,5,4,9,5,9
3290,-90.15,-40.00,0,0,0,0,7,0,5,4,9,5,9
3300,-220.35,-40.00,0,0,0,8,7,4,1,4,9,5,9
3310,-400.00,-40.00,0,0,0,7,2,8,5,4,9,5,9
3320,-220.73,-40.00,0,0,0,7,1,6,3,4,9,5,9
3330,-21.70,-40.00,1,0,1,4,9,1,3,4,9,5,9
3340,-41.68,-40.00,0,0,0,3,1,2,6,4,9,5,9
3350,-220.88,-40.00,0,0,0,2,3,7,1,4,9,5,9
3360,-40.68,-40.00,0,0,0,6,1,5,4,4,9,5,9
3370,-206.48,-40.00,0,0,0,9,5,7,4,4,9,5,9
3380,-39.85,-40.00,0,0,0,1,9,7,8,4,9,5,9
3390,-42.55,-40.00,0,0,0,3,1,6,2,4,9,5,9
3400,-203.28,-40.00,0,0,0,3,1,8,0,4,9,5,9
3410,-42.03,-40.00,0,0,0,7,3,3,4,4,9,5,9
3420,-40.78,-40.00,0,0,0,2,3,5,6,4,9,5,9
3430,-40.28,-40.00,0,0,0,5,8,2,2,4,9,5,9
3440,-40.33,-40.00,0,0,0,7,7,3,8,4,9,5,9
3450,-40.25,-40.00,0,0,0,9,5,1,9,4,9,5,9
3460,-219.98,-40.00,0,0,0,2,6,8,9,4,9,5,9
3470,-219.93,-40.00,0,0,0,1,8,1,6,4,9,5,9
3480,-40.35,-40.00,0,0,0,0,8,4,5,4,9,5,9
3490,-204.65,-40.00,0,0,0,9,1,1,0,4,9,5,9
3500,-187.58,-40.00,0,1,1,2,4,7,8,4,9,5,9
3510,-220.88,-40.00,0,0,0,6,2,2,5,4,9,5,9
3520,-320.28,-40.00,0,0,0,8,5,2,4,4,9,5,9
3530,-46.63,-40.00,0,0,0,1,5,2,6,4,9,5,9
3540,-220.38,-40.00,0,0,0,7,1,1,8,4,9,5,9
3550,-40.30,-40.00,0,0,0,3,1,5,3,4,9,5,9
3560,-40.78,-40.00,0,0,0,2,8,3,8,4,9,5,9
3570,-221.33,-40.00,0,0,0,5,8,7,6,4,9,5,9
3580,-126.27,-40.00,0,0,0,7,4,9,5,4,9,5,9
3590,-219.93,-40.00,0,0,0,7,8,7,2,4,9,5,9
3600,-373.00,-40.00,0,0,0,8,0,1,5,4,9,5,9
3610,-41.18,-40.00,0,0,0,7,7,0,5,4,9,5,9
3620,-221.73,-40.00,0,0,0,2,6,1,7,4,9,5,9
3630,-219.88,-40.00,0,0,0,4,2,3,5,4,9,5,9
3640,-205.98,-40.00,0,0,0,0,2,7,4,4,9,5,9
3650,-207.68,-40.00,0,0,0,0,1,4,0,4,9,5,9
3660,-65.00,-40.00,0,0,0,6,5,4,5,4,9,5,9
3670,-68.80,-40.00,0,0,0,0,9,8,6,4,9,5,9
3680,-40.33,-40.00,0,0,0,7,3,4,7,4,9,5,9
3690,-88.52,-40.00,0,0,0,2,9,0,3,4,9,5,9
3700,-39.75,-40.00,0,0,0,6,7,3,0,4,9,5,9
3710,-220.00,-40.00,0,0,0,0,9,7,2,4,9,5,9
3720,-248.25,-40.00,0,0,0,7,5,4,3,4,9,5,9
3730,-129.47,-40.00,0,0,0,4,0,0,7,4,9,5,9
3740,-15.88,-40.00,0,1,1,0,4,5,8,4,9,5,9
3750,-47.58,-40.00,0,0,0,7,4,1,9,4,9,5,9
3760,-39.90,-40.00,0,0,0,3,4,8,9,4,9,5,9
3770,-41.18,-40.00,0,0,0,2,8,9,1,4,9,5,9
3780,-40.75,-40.00,0,0,0,7,8,9,8,4,9,5,9
3790,-219.90,-40.00,0,0,0,0,3,7,1,4,9,5,9
3800,-210.48,-40.00,0,0,0,5,3,8,4,4,9,5,9
3810,-4.85,19.90,1,1,2,1,8,5,9,4,9,5,9
3820,-219.93,-40.00,0,0,0,7,7,7,5,4,9,5,9
3830,-204.20,-40.00,0,0,0,3,3,7,0,4,9,5,9
3840,-121.82,-40.00,1,0,1,3,9,3,3,4,9,5,9
3850,-40.80,-40.00,0,0,0,9,1,1,3,4,9,5,9
3860,-204.65,-40.00,0,0,0,2,7,1,0,4,9,5,9
3870,-400.00,-40.00,0,0,0,2,5,8,1,4,9,5,9
3880,-40.60,-40.00,0,0,0,9,7,3,1,4,9,5,9
3890,-39.90,-40.00,0,0,0,0,8,5,6,4,9,5,9
3900,-209.23,-40.00,0,1,1,2,2,8,8,4,9,5,9
3910,-40.73,-40.00,0,0,0,0,7,3,4,4,9,5,9
3920,-40.78,-40.00,0,0,0,4,5,9,2,4,9,5,9
3930,-42.10,-40.00,0,0,0,3,3,5,5,4,9,5,9
3940,-221.75,-40.00,0,0,0,0,4,8,1,4,9,5,9
3950,-23.35,-40.00,1,0,1,2,8,4,3,4,9,5,9
3960,-42.15,-40.00,0,0,0,6,1,1,3,4,9,5,9
3970,-40.35,-40.00,0,0,0,9,2,2,8,4,9,5,9
3980,-219.90,-40.00,0,0,0,2,1,0,0,4,9,5,9
3990,-104.70,-40.00,0,0,0,5,0,3,4,4,9,5,9
4000,-220.30,-40.00,0,0,0,9,7,8,1,4,9,5,9
4010,-40.28,-40.00,0,0,0,0,2,6,5,4,9,5,9
4020,-113.20,-40.00,0,0,0,6,3,5,2,4,9,5,9
4030,-40.25,-40.00,0,0,0,0,8,9,6,4,9,5,9
4040,-39.83,-40.00,0,0,0,4,7,0,5,4,9,5,9
4050,-219.93,-40.00,0,0,0,0,8,2,1,4,9,5,9
4060,-42.08,-40.00,0,0,0,4,5,3,3,4,9,5,9
4070,-39.90,-40.00,0,0,0,1,9,9,8,4,9,5,9
4080,-39.88,-40.00,0,0,0,9,2,4,4,4,9,5,9
4090,-384.70,-40.00,0,0,0,2,0,2,2,4,9,5,9
4100,-47.13,-40.00,0,0,0,6,1,5,0,4,9,5,9
4110,-40.75,-40.00,0,0,0,5,3,9,1,4,9,5,9
4120,-203.28,-40.00,0,0,0,0,2,7,0,4,9,5,9
4130,-39.85,-40.00,0,0,0,3,3,6,3,4,9,5,9
4140,-219.93,-40.00,0,0,0,2,1,1,9,4,9,5,9
4150,-210.45,-40.00,0,0,0,0,3,8,4,4,9,5,9
4160,-220.00,-40.00,0,0,0,6,9,1,2,4,9,5,9
4170,-42.13,-40.00,0,0,0,3,2,8,8,4,9,5,9
4180,-41.75,-40.00,0,0,0,3,9,6,0,4,9,5,9
4190,-15.00,-40.00,1,0,1,4,8,1,8,4,9,5,9
4200,-41.23,-40.00,0,0,0,1,0,0,0,4,9,5,9
4210,-85.32,-40.00,0,0,0,8,3,7,1,4,9,5,9
4220,-40.28,-40.00,0,0,0,2,5,9,7,4,9,5,9
4230,-220.80,-40.00,0,0,0,8,2,5,1,4,9,5,9
4240,-41.23,-40.00,0,0,0,6,7,5,4,4,9,5,9
4250,-39.98,-40.00,0,0,0,0,8,6,4,4,9,5,9
4260,-60.08,-40.00,0,0,0,4,4,0,3,4,9,5,9
4270,-39.83,-40.00,0,0,0,6,7,5,8,4,9,5,9
4280,-40.65,-40.00,0,0,0,0,5,3,2,4,9,5,9
4290,-39.83,-40.00,0,0,0,5,5,3,6,4,9,5,9
4300,-39.80,-40.00,0,0,0,9,8,5,4,4,9,5,9
4310,-40.30,-40.00,0,0,0,0,5,6,3,4,9,5,9
4320,-219.90,-40.00,0,0,0,7,6,1,9,4,9,5,9
4330,-78.62,-40.00,0,0,0,8,0,6,2,4,9,5,9
4340,-51.63,-40.00,0,0,0,0,1,5,3,4,9,5,9
4350,-57.38,-40.00,0,0,0,9,7,5,1,4,9,5,9
4360,-220.43,-40.00,0,0,0,1,6,0,1,4,9,5,9
4370,-219.90,-40.00,0,0,0,2,1,8,8,4,9,5,9
4380,-385.60,-40.00,0,0,0,5,2,5,0,4,9,5,9
4390,-49.18,-40.00,0,0,0,6,5,5,4,4,9,5,9
4400,-210.05,-40.00,0,0,0,0,5,2,4,4,9,5,9
4410,-357.70,-40.00,0,0,0,1,0,1,6,4,9,5,9
4420,-220.00,-40.00,0,0,0,5,2,9,1,4,9,5,9
4430,-143.32,-40.00,0,0,0,9,3,0,1,4,9,5,9
4440,-40.75,-40.00,0,0,0,3,3,8,7,4,9,5,9
4450,-41.28,-40.00,0,0,0,7,3,1,8,4,9,5,9
4460,-211.40,-40.00,0,1,1,8,2,2,9,4,9,5,9
4470,-57.00,-40.00,0,0,0,7,8,7,9,4,9,5,9
4480,-208.28,-40.00,0,0,0,2,0,0,9,4,9,5,9
4490,-41.63,-40.00,0,0,0,4,4,0,6,4,9,5,9
4500,-54.75,-40.00,0,0,0,7,7,1,3,4,9,5,9
4510,-41.28,-40.00,0,0,0,0,5,9,7,4,9,5,9
4520,-182.55,-40.00,0,0,0,4,0,0,7,4,9,5,9
4530,-220.40,-40.00,0,0,0,7,1,6,9,4,9,5,9
4540,-200.62,-40.00,0,1,1,4,1,6,9,4,9,5,9
4550,-39.90,-40.00,0,0,0,5,9,3,6,4,9,5,9
4560,-205.53,-40.00,0,0,0,9,6,7,4,4,9,5,9
4570,-55.15,-40.00,0,0,0,3,2,5,4,4,9,5,9
4580,-43.50,-40.00,0,0,0,3,0,5,2,4,9,5,9
4590,-204.63,-40.00,0,0,0,9,0,4,0,4,9,5,9
4600,-40.35,-40.00,0,0,0,4,6,6,8,4,9,5,9
4610,-220.83,-40.00,0,0,0,1,6,6,6,4,9,5,9
4620,-209.58,-40.00,0,0,0,3,5,7,4,4,9,5,9
4630,-170.25,-40.00,0,1,1,4,0,6,9,4,9,5,9
4640,-42.18,-40.00,0,0,0,0,6,1,6,4,9,5,9
4650,-40.28,-40.00,0,0,0,9,5,0,0,4,9,5,9
4660,-96.12,-40.00,0,0,0,5,0,3,0,4,9,5,9
4670,-209.53,-40.00,0,0,0,3,1,8,4,4,9,5,9
4680,-40.30,-40.00,0,0,0,0,0,7,7,4,9,5,9
4690,-219.95,-40.00,0,0,0,5,5,8,1,4,9,5,9
4700,-40.43,-40.00,0,0,0,0,9,9,4,4,9,5,9
4710,-220.43,-40.00,0,0,0,4,6,5,2,4,9,5,9
4720,-219.93,-40.00,0,0,0,2,5,9,3,4,9,5,9
4730,-41.15,-40.00,0,0,0,3,0,1,3,4,9,5,9
4740,-119.97,-40.00,0,0,0,8,4,3,3,4,9,5,9
4750,-72.27,-40.00,0,0,0,5,4,1,1,4,9,5,9
4760,-72.80,-40.00,0,0,0,1,0,1,1,4,9,5,9
4770,-40.28,-40.00,0,0,0,2,8,9,8,4,9,5,9
4780,-219.98,-40.00,0,0,0,7,1,0,8,4,9,5,9
4790,-195.00,-40.00,1,0,1,4,8,2,5,4,9,5,9
4800,-161.90,-40.00,0,0,0,7,0,6,8,4,9,5,9
4810,-219.95,-40.00,0,0,0,8,1,9,6,4,9,5,9
4820,-220.40,-40.00,0,0,0,8,1,6,5,4,9,5,9
4830,-84.90,-40.00,0,1,1,4,3,5,8,4,9,5,9
4840,-400.00,-40.00,0,0,0,2,6,1,2,4,9,5,9
4850,-221.75,-40.00,0,0,0,0,6,7,2,4,9,5,9
4860,-349.15,-40.00,0,0,0,5,0,2,6,4,9,5,9
4870,-219.95,-40.00,0,0,0,0,4,8,2,4,9,5,9
4880,-62.45,-40.00,0,0,0,8,0,4,6,4,9,5,9
4890,-125.00,-40.00,0,0,0,8,6,9,6,4,9,5,9
4900,-219.95,-40.00,0,0,0,5,2,3,7,4,9,5,9
4910,-41.30,-40.00,0,0,0,4,5,2,9,4,9,5,9
4920,-40.43,-40.00,0,0,0,2,9,4,7,4,9,5,9
4930,-64.20,-40.00,0,0,0,1,4,0,8,4,9,5,9
4940,-54.75,-40.00,0,0,0,6,7,4,3,4,9,5,9
4950,-355.45,-40.00,0,0,0,1,0,7,6,4,9,5,9
4960,-40.35,-40.00,0,0,0,6,0,3,5,4,9,5,9
4970,-39.88,-40.00,0,0,0,8,8,1,8,4,9,5,9
4980,-39.85,-40.00,0,0,0,4,7,4,5,4,9,5,9
4990,-219.95,-40.00,0,0,0,7,2,2,8,4,9,5,9
5000,-33.48,-40.00,1,0,1,3,7,5,6,4,9,5,9
5010,-62.40,-40.00,0,0,0,7,2,8,2,4,9,5,9
5020,-39.90,-40.00,0,0,0,5,4,8,9,4,9,5,9
5030,-110.95,-40.00,0,0,0,0,4,8,4,4,9,5,9
5040,-219.03,-40.00,0,0,0,6,1,2,1,4,9,5,9
5050,-164.45,-40.00,0,0,0,9,5,9,4,4,9,5,9
5060,-194.68,-40.00,0,0,0,5,4,8,0,4,9,5,9
5070,-29.10,-40.00,0,1,1,5,3,7,7,4,9,5,9
5080,-41.70,-40.00,0,0,0,3,9,5,6,4,9,5,9
5090,-42.58,-40.00,0,0,0,1,3,3,5,4,9,5,9
5100,-41.28,-40.00,0,0,0,3,6,8,7,4,9,5,9
5110,-41.70,-40.00,0,0,0,6,9,7,3,4,9,5,9
5120,-40.33,-40.00,0,0,0,0,0,6,6,4,9,5,9
5130,-40.65,-40.00,0,0,0,5,3,9,5,4,9,5,9
5140,-204.38,-40.00,0,1,1,7,5,6,8,4,9,5,9
5150,-39.83,-40.00,0,0,0,7,8,0,9,4,9,5,9
5160,-257.75,-40.00,0,0,0,8,1,0,1,4,9,5,9
5170,-39.90,-40.00,0,0,0,0,7,4,9,4,9,5,9
5180,-98.00,-40.00,0,0,0,5,1,3,3,4,9,5,9
5190,-212.08,-40.00,1,0,1,6,7,2,2,4,9,5,9
5200,-40.83,-40.00,0,0,0,5,5,3,8,4,9,5,9
5210,-42.15,-40.00,0,0,0,1,3,0,8,4,9,5,9
5220,-69.62,-40.00,0,0,0,8,4,4,7,4,9,5,9
5230,-46.40,-40.00,1,0,1,5,6,0,3,4,9,5,9
5240,-195.75,-40.00,1,0,1,3,8,7,4,4,9,5,9
5250,-39.85,-40.00,0,0,0,5,5,4,3,4,9,5,9
5260,-51.48,-40.00,0,0,0,6,3,7,2,4,9,5,9
5270,-220.85,-40.00,0,0,0,1,8,8,1,4,9,5,9
5280,-45.78,-40.00,0,0,0,1,3,0,3,4,9,5,9
5290,-41.60,-40.00,0,0,0,6,0,3,2,4,9,5,9
5300,-271.70,-40.00,0,0,0,2,1,8,2,4,9,5,9
5310,-110.57,-40.00,0,0,0,8,2,0,3,4,9,5,9
5320,-40.83,-40.00,0,0,0,1,9,8,3,4,9,5,9
5330,-40.83,-40.00,0,0,0,6,9,7,8,4,9,5,9
5340,-41.18,-40.00,0,0,0,3,5,6,0,4,9,5,9
5350,-43.93,-40.00,0,0,0,6,6,7,7,4,9,5,9
5360,-77.75,-40.00,0,0,0,7,3,2,7,4,9,5,9
5370,-40.28,-40.00,0,0,0,0,2,3,6,4,9,5,9
5380,-41.28,-40.00,0,0,0,7,8,8,3,4,9,5,9
5390,-251.05,-40.00,0,0,0,7,4,7,1,4,9,5,9
5400,-65.10,-40.00,0,0,0,6,2,0,3,4,9,5,9
5410,-45.33,-40.00,0,0,0,3,4,3,3,4,9,5,9
5420,-219.90,-40.00,0,0,0,6,6,8,1,4,9,5,9
5430,-42.63,-40.00,0,0,0,9,2,9,0,4,9,5,9
5440,-220.40,-40.00,0,0,0,0,5,7,1,4,9,5,9
5450,-221.23,-40.00,0,0,0,6,4,5,2,4,9,5,9
5460,-159.58,-40.00,0,0,0,2,6,8,0,4,9,5,9
5470,-220.38,-40.00,0,0,0,8,1,4,7,4,9,5,9
5480,-203.33,-40.00,0,0,0,9,0,4,0,4,9,5,9
5490,-40.30,-40.00,0,0,0,5,3,0,2,4,9,5,9
5500,-42.00,-40.00,0,0,0,5,3,3,3,4,9,5,9
5510,-178.40,-40.00,0,0,0,1,0,0,6,4,9,5,9
5520,-364.45,-40.00,0,0,0,7,0,4,1,4,9,5,9
5530,-213.70,-40.00,0,0,0,4,5,8,0,4,9,5,9
5540,-39.93,-40.00,0,0,0,6,9,0,2,4,9,5,9
5550,-43.48,-40.00,0,0,0,2,5,5,3,4,9,5,9
5560,-67.25,-40.00,0,0,0,1,7,6,5,4,9,5,9
5570,-41.08,-40.00,0,0,0,3,0,4,5,4,9,5,9
5580,-62.32,-40.00,0,0,0,3,7,1,7,4,9,5,9
5590,-80.25,-40.00,0,0,0,0,3,1,4,4,9,5,9
5600,-221.30,-40.00,0,0,0,7,1,5,8,4,9,5,9
5610,-219.90,-40.00,0,0,0,5,1,3,6,4,9,5,9
5620,-219.88,-40.00,0,0,0,6,7,1,1,4,9,5,9
5630,-70.42,-40.00,0,0,0,3,7,0,7,4,9,5,9
5640,-28.30,-40.00,1,0,1,3,7,4,6,4,9,5,9
5650,-400.00,-40.00,0,0,0,1,5,1,6,4,9,5,9
5660,-40.73,-40.00,0,0,0,6,1,9,7,4,9,5,9
5670,-43.13,-40.00,0,0,0,7,9,2,7,4,9,5,9
5680,-15.50,-40.00,1,0,1,4,6,9,0,4,9,5,9
5690,-129.02,-40.00,0,0,0,1,8,2,0,4,9,5,9
5700,-39.83,-40.00,0,0,0,0,6,6,3,4,9,5,9
5710,-54.93,-40.00,0,0,0,8,0,3,5,4,9,5,9
5720,-201.00,-40.00,0,0,0,2,0,3,8,4,9,5,9
5730,-41.73,-40.00,0,0,0,6,6,1,7,4,9,5,9
5740,-221.30,-40.00,0,0,0,6,3,7,6,4,9,5,9
5750,-23.75,-40.00,1,0,1,3,9,9,6,4,9,5,9
5760,-42.13,-40.00,0,0,0,8,3,6,0,4,9,5,9
5770,-211.35,-40.00,0,0,0,9,7,8,4,4,9,5,9
5780,-219.83,-40.00,0,0,0,7,6,1,8,4,9,5,9
5790,-85.75,-40.00,0,0,0,2,0,0,8,4,9,5,9
5800,-75.42,-40.00,0,0,0,2,5,3,7,4,9,5,9
5810,-41.10,-40.00,0,0,0,5,4,4,7,4,9,5,9
5820,-40.73,-40.00,0,0,0,6,5,0,2,4,9,5,9
5830,-73.17,-40.00,0,0,0,2,0,4,3,4,9,5,9
5840,-208.70,-40.00,0,0,0,2,4,8,7,4,9,5,9
5850,-208.18,-40.00,0,0,0,4,0,2,3,4,9,5,9
5860,-279.77,-40.00,0,0,0,8,0,2,6,4,9,5,9
5870,-206.40,-40.00,0,0,0,2,0,9,8,4,9,5,9
5880,-39.83,-40.00,0,0,0,1,8,7,8,4,9,5,9
5890,-39.85,-40.00,0,0,0,4,5,9,8,4,9,5,9
5900,-15.33,-40.00,0,1,1,4,6,6,9,4,9,5,9
5910,-57.35,-40.00,0,0,0,0,6,0,7,4,9,5,9
5920,-40.25,-40.00,0,0,0,1,8,9,3,4,9,5,9
5930,-219.88,-40.00,0,0,0,5,6,8,2,4,9,5,9
5940,-221.75,-40.00,0,0,0,7,5,2,2,4,9,5,9
5950,-15.98,-40.00,1,0,1,4,8,8,5,4,9,5,9
5960,-220.80,-40.00,0,0,0,8,2,5,6,4,9,5,9
5970,-179.85,-40.00,0,0,0,2,4,9,8,4,9,5,9
5980,-340.10,-40.00,0,0,0,4,1,2,0,4,9,5,9
5990,-220.38,-40.00,0,0,0,6,4,7,2,4,9,5,9
6000,-219.93,-40.00,0,0,0,2,5,9,1,4,9,5,9
6010,-93.05,-40.00,0,0,0,9,7,8,6,4,9,5,9
6020,-40.33,-40.00,0,0,0,0,8,9,1,4,9,5,9
6030,-186.45,-40.00,1,0,1,4,9,1,0,4,9,5,9
6040,-45.13,-40.00,1,0,1,0,3,0,9,4,9,5,9
6050,-40.83,-40.00,0,0,0,8,9,8,8,4,9,5,9
6060,-30.50,-40.00,1,0,1,5,6,4,7,4,9,5,9
6070,-40.78,-40.00,0,0,0,2,3,0,9,4,9,5,9
6080,-39.83,-40.00,0,0,0,6,5,3,5,4,9,5,9
6090,-40.70,-40.00,0,0,0,6,6,0,8,4,9,5,9
6100,-80.38,-40.00,0,0,0,0,2,0,6,4,9,5,9
6110,-65.97,-40.00,0,0,0,5,1,9,8,4,9,5,9
6120,-40.38,-40.00,0,0,0,0,0,6,7,4,9,5,9
6130,-41.73,-40.00,0,0,0,0,0,8,7,4,9,5,9
6140,-39.93,-40.00,0,0,0,6,8,7,8,4,9,5,9
6150,-64.62,-40.00,0,0,0,5,2,9,8,4,9,5,9
6160,-40.28,-40.00,0,0,0,6,4,6,8,4,9,5,9
6170,-74.05,-40.00,0,0,0,5,7,6,5,4,9,5,9
6180,-219.93,-40.00,0,0,0,1,2,2,8,4,9,5,9
6190,-26.53,-40.00,0,1,1,0,2,4,7,4,9,5,9
6200,-39.90,-40.00,0,0,0,0,5,5,5,4,9,5,9
6210,-42.58,-40.00,0,0,0,9,5,6,8,4,9,5,9
6220,-400.00,-40.00,0,0,0,8,6,1,6,4,9,5,9
6230,-59.65,-40.00,1,0,1,4,8,6,5,4,9,5,9
6240,-220.40,-40.00,0,0,0,0,6,8,2,4,9,5,9
6250,-220.00,-40.00,0,0,0,5,9,2,5,4,9,5,9
6260,-229.82,-40.00,0,0,0,4,3,8,4,4,9,5,9
6270,-40.30,-40.00,0,0,0,3,5,1,7,4,9,5,9
6280,-42.60,-40.00,0,0,0,3,3,0,4,4,9,5,9
6290,-219.90,-40.00,0,0,0,3,4,8,2,4,9,5,9
6300,-41.70,-40.00,0,0,0,9,5,3,4,4,9,5,9
6310,-28.78,-40.00,1,0,1,2,8,4,7,4,9,5,9
6320,-39.85,-40.00,0,0,0,8,8,0,9,4,9,5,9
6330,-219.90,-40.00,0,0,0,0,3,2,2,4,9,5,9
6340,-220.35,-40.00,0,0,0,8,6,6,3,4,9,5,9
6350,-42.10,-40.00,0,0,0,9,1,3,1,4,9,5,9
6360,-247.35,-40.00,0,0,0,8,2,7,0,4,9,5,9
6370,-41.65,-40.00,0,0,0,1,3,3,4,4,9,5,9
6380,-73.75,-40.00,0,0,0,8,1,5,9,4,9,5,9
6390,-41.30,-40.00,0,0,0,4,4,8,7,4,9,5,9
6400,-220.00,-40.00,0,0,0,0,9,8,1,4,9,5,9
6410,-40.83,-40.00,0,0,0,3,0,5,3,4,9,5,9
6420,-40.78,-40.00,0,0,0,9,0,3,4,4,9,5,9
6430,-42.10,-40.00,0,0,0,0,6,1,5,4,9,5,9
6440,-46.65,-40.00,0,0,0,3,6,2,7,4,9,5,9
6450,-59.67,-40.00,0,0,0,1,7,5,6,4,9,5,9
6460,-219.98,-40.00,0,0,0,4,2,8,8,4,9,5,9
6470,-219.93,-40.00,0,0,0,2,5,9,2,4,9,5,9
6480,-220.78,-40.00,0,0,0,3,5,1,6,4,9,5,9
6490,-40.35,-40.00,0,0,0,9,4,0,0,4,9,5,9
6500,-209.13,-40.00,0,0,0,6,2,4,0,4,9,5,9
6510,-219.93,-40.00,0,0,0,7,6,0,8,4,9,5,9
6520,-19.48,-40.00,1,0,1,1,9,1,8,4,9,5,9
6530,-36.10,-40.00,1,0,1,3,5,3,2,4,9,5,9
6540,-40.25,-40.00,0,0,0,8,9,0,6,4,9,5,9
6550,-195.00,-40.00,1,0,1,4,9,2,2,4,9,5,9
6560,-15.75,-40.00,0,1,1,6,2,5,9,4,9,5,9
6570,-221.75,-40.00,0,0,0,0,6,8,5,4,9,5,9
6580,-40.80,-40.00,0,0,0,4,3,0,9,4,9,5,9
6590,-94.37,-40.00,1,0,1,3,7,5,0,4,9,5,9
6600,-124.95,-40.00,0,0,0,1,0,9,6,4,9,5,9
6610,-53.65,-40.00,0,0,0,5,5,0,3,4,9,5,9
6620,-202.88,-40.00,0,0,0,2,4,7,9,4,9,5,9
6630,-43.95,-40.00,0,0,0,6,1,2,3,4,9,5,9
6640,-40.78,-40.00,0,0,0,3,3,6,6,4,9,5,9
6650,-40.75,-40.00,0,0,0,0,4,3,0,4,9,5,9
6660,-220.38,-40.00,0,0,0,9,2,4,1,4,9,5,9
6670,-15.40,-40.00,0,1,1,9,6,4,9,4,9,5,9
6680,-41.28,-40.00,0,0,0,9,9,9,3,4,9,5,9
6690,-80.32,-40.00,0,0,0,3,5,0,7,4,9,5,9
6700,-220.78,-40.00,0,0,0,5,1,6,3,4,9,5,9
6710,-40.35,-40.00,0,0,0,0,2,5,9,4,9,5,9
6720,-41.25,-40.00,0,0,0,8,9,9,1,4,9,5,9
6730,-219.93,-40.00,0,0,0,7,5,1,9,4,9,5,9
6740,-69.70,-40.00,0,0,0,1,6,0,5,4,9,5,9
6750,-19.60,-40.00,1,0,1,9,9,9,2,4,9,5,9
6760,-56.98,-40.00,0,0,0,5,7,0,1,4,9,5,9
6770,-40.68,-40.00,0,0,0,9,3,2,7,4,9,5,9
6780,-52.70,-40.00,0,0,0,8,8,7,8,4,9,5,9
6790,-122.25,-40.00,0,0,0,8,4,6,7,4,9,5,9
6800,-201.55,-40.00,1,0,1,3,9,7,1,4,9,5,9
6810,-195.15,-40.00,1,0,1,4,4,2,1,4,9,5,9
6820,-220.80,-40.00,0,0,0,1,2,0,0,4,9,5,9
6830,-16.85,-40.00,1,0,1,2,9,2,8,4,9,5,9
6840,-40.28,-40.00,0,0,0,6,0,9,6,4,9,5,9
6850,-219.90,-40.00,0,0,0,0,0,7,2,4,9,5,9
6860,-17.33,-40.00,1,0,1,5,4,0,0,4,9,5,9
6870,-83.05,-40.00,0,0,0,3,1,2,3,4,9,5,9
6880,-39.90,-40.00,0,0,0,1,8,7,9,4,9,5,9
6890,-14.90,-40.00,1,0,1,4,9,6,6,4,9,5,9
6900,-147.45,-40.00,0,0,0,6,8,2,4,4,9,5,9
6910,-201.90,-40.00,0,0,0,5,2,5,4,4,9,5,9
6920,-41.70,-40.00,0,0,0,7,3,3,0,4,9,5,9
6930,-41.73,-40.00,0,0,0,4,7,8,3,4,9,5,9
6940,-42.15,-40.00,0,0,0,9,0,6,4,4,9,5,9
6950,-220.78,-40.00,0,0,0,4,2,5,5,4,9,5,9
6960,-400.00,-40.00,0,0,0,8,6,7,1,4,9,5,9
6970,-52.05,-40.00,0,0,0,0,7,6,4,4,9,5,9
6980,-44.43,-40.00,0,0,0,0,7,1,6,4,9,5,9
6990,-58.77,-40.00,0,0,0,4,3,2,3,4,9,5,9
7000,-55.18,-40.00,0,0,0,5,0,4,8,4,9,5,9
7010,-219.90,-40.00,0,0,0,4,1,0,9,4,9,5,9
7020,-286.47,-40.00,0,0,0,5,0,5,2,4,9,5,9
7030,-60.17,-40.00,0,0,0,4,0,9,1,4,9,5,9
7040,-87.50,-40.00,0,0,0,3,6,4,5,4,9,5,9
7050,-220.85,-40.00,0,0,0,6,1,2,1,4,9,5,9
7060,-42.23,-40.00,0,0,0,1,9,6,2,4,9,5,9
7070,-219.90,-40.00,0,0,0,5,7,1,2,4,9,5,9
7080,-82.17,-40.00,0,0,0,7,0,2,8,4,9,5,9
7090,-208.25,-40.00,0,0,0,4,5,1,0,4,9,5,9
7100,-40.83,-40.00,0,0,0,2,9,9,1,4,9,5,9
7110,-112.42,-40.00,0,0,0,8,2,4,8,4,9,5,9
7120,-57.80,-40.00,0,0,0,3,6,0,5,4,9,5,9
7130,-219.95,-40.00,0,0,0,8,8,5,1,4,9,5,9
7140,-31.95,-40.00,0,1,1,3,3,5,9,4,9,5,9
7150,-296.92,-40.00,0,0,0,7,2,0,6,4,9,5,9
7160,-198.32,-40.00,1,0,1,4,7,4,2,4,9,5,9
7170,-73.67,-40.00,0,0,0,7,0,0,1,4,9,5,9
7180,-43.40,-40.00,0,0,0,6,0,3,4,4,9,5,9
7190,-221.28,-40.00,0,0,0,4,1,0,4,4,9,5,9
7200,-41.23,-40.00,0,0,0,5,7,2,3,4,9,5,9
7210,-41.73,-40.00,0,0,0,1,8,3,9,4,9,5,9
7220,-65.52,-40.00,0,0,0,6,3,7,3,4,9,5,9
7230,-42.48,-40.00,0,0,0,2,3,3,1,4,9,5,9
7240,-44.38,-40.00,0,0,0,7,8,6,5,4,9,5,9
7250,-88.90,-40.00,0,0,0,7,7,0,5,4,9,5,9
7260,-240.42,-40.00,0,1,1,7,6,6,7,4,9,5,9
7270,-42.05,-40.00,0,0,0,4,7,3,0,4,9,5,9
7280,-40.40,-40.00,0,0,0,1,3,9,1,4,9,5,9
7290,-221.33,-40.00,0,0,0,3,3,2,1,4,9,5,9
7300,-41.10,-40.00,0,0,0,3,5,6,1,4,9,5,9
7310,-44.38,-40.00,0,0,0,4,5,2,7,4,9,5,9
7320,-219.88,-40.00,0,0,0,5,4,7,6,4,9,5,9
7330,-230.23,-40.00,0,0,0,1,7,1,1,4,9,5,9
7340,-41.68,-40.00,0,0,0,5,6,9,4,4,9,5,9
7350,-41.23,-40.00,0,0,0,2,3,6,6,4,9,5,9
7360,-382.90,-40.00,0,0,0,8,1,5,0,4,9,5,9
7370,-230.73,-40.00,0,0,0,2,6,3,3,4,9,5,9
7380,-278.90,-40.00,0,0,0,1,5,6,3,4,9,5,9
7390,-219.90,-40.00,0,0,0,2,2,3,6,4,9,5,9
7400,-40.33,-40.00,0,0,0,0,3,6,2,4,9,5,9
7410,-265.90,-40.00,0,0,0,4,0,2,5,4,9,5,9
7420,-400.00,-40.00,0,0,0,7,2,2,6,4,9,5,9
7430,-40.83,-40.00,0,0,0,1,8,1,9,4,9,5,9
7440,-219.95,-40.00,0,0,0,4,6,8,1,4,9,5,9
7450,-202.85,-40.00,0,0,0,6,5,2,0,4,9,5,9
7460,-39.85,-40.00,0,0,0,0,8,0,1,4,9,5,9
7470,-208.43,-40.00,1,0,1,3,7,2,2,4,9,5,9
7480,-219.98,-40.00,0,0,0,7,9,4,1,4,9,5,9
7490,-40.33,-40.00,0,0,0,9,5,3,6,4,9,5,9
7500,-41.63,-40.00,0,0,0,0,3,3,2,4,9,5,9
7510,-220.33,-40.00,0,0,0,1,3,4,2,4,9,5,9
7520,-43.43,-40.00,0,0,0,9,0,8,3,4,9,5,9
7530,-156.88,-40.00,0,0,0,4,5,6,3,4,9,5,9
7540,-128.07,-40.00,0,0,0,8,4,6,3,4,9,5,9
7550,-23.45,-40.00,1,0,1,3,9,6,2,4,9,5,9
7560,-50.73,-40.00,0,0,0,0,0,5,2,4,9,5,9
7570,-41.30,-40.00,0,0,0,1,3,6,9,4,9,5,9
7580,-219.90,-40.00,0,0,0,6,3,1,6,4,9,5,9
7590,-219.95,-40.00,0,0,0,3,5,1,2,4,9,5,9
7600,-220.00,-40.00,0,0,0,2,9,8,6,4,9,5,9
7610,-203.73,-40.00,0,0,0,0,5,2,4,4,9,5,9
7620,-43.43,-40.00,0,0,0,0,0,3,3,4,9,5,9
7630,-254.62,-40.00,0,0,0,7,4,1,5,4,9,5,9
7640,-40.30,-40.00,0,0,0,0,1,6,1,4,9,5,9
7650,-56.08,-40.00,0,0,0,5,0,8,3,4,9,5,9
7660,-40.35,-40.00,0,0,0,8,7,0,5,4,9,5,9
7670,-40.83,-40.00,0,0,0,3,1,5,7,4,9,5,9
7680,-212.78,-40.00,0,0,0,8,9,2,4,4,9,5,9
7690,-221.33,-40.00,0,0,0,2,3,5,2,4,9,5,9
7700,-25.00,-40.00,0,1,1,4,5,4,8,4,9,5,9
7710,-216.75,-40.00,0,0,0,8,1,6,8,4,9,5,9
7720,-222.65,-40.00,0,0,0,8,5,3,2,4,9,5,9
7730,-86.68,-40.00,0,0,0,4,3,6,6,4,9,5,9
7740,-42.15,-40.00,0,0,0,3,8,5,3,4,9,5,9
7750,-56.93,-40.00,0,0,0,0,3,6,3,4,9,5,9
7760,-221.80,-40.00,0,0,0,2,2,5,3,4,9,5,9
7770,-220.00,-40.00,0,0,0,4,2,0,9,4,9,5,9
7780,-257.32,-40.00,0,0,0,7,3,8,5,4,9,5,9
7790,-39.85,-40.00,0,0,0,1,9,4,5,4,9,5,9
7800,-327.52,-40.00,0,0,0,2,1,8,5,4,9,5,9
7810,-62.45,-40.00,0,0,0,1,2,0,1,4,9,5,9
7820,-73.52,-40.00,0,0,0,4,0,6,1,4,9,5,9
7830,-41.73,-40.00,0,0,0,8,2,5,8,4,9,5,9
7840,-40.80,-40.00,0,0,0,0,9,9,2,4,9,5,9
7850,-41.13,-40.00,0,0,0,3,3,0,4,4,9,5,9
7860,-42.50,-40.00,0,0,0,6,7,3,5,4,9,5,9
7870,-181.28,-40.00,0,0,0,7,4,8,9,4,9,5,9
7880,-76.72,-40.00,0,0,0,3,0,0,5,4,9,5,9
7890,-219.95,-40.00,0,0,0,6,4,1,5,4,9,5,9
7900,-58.27,-40.00,0,0,0,1,0,3,1,4,9,5,9
7910,-41.25,-40.00,0,0,0,2,7,0,9,4,9,5,9
7920,-40.38,-40.00,0,0,0,3,2,9,6,4,9,5,9
7930,-39.85,-40.00,0,0,0,3,6,0,1,4,9,5,9
7940,-24.20,-40.00,0,1,1,0,2,4,7,4,9,5,9
7950,-40.30,-40.00,0,0,0,4,3,8,9,4,9,5,9
7960,-219.98,-40.00,0,0,0,2,5,9,5,4,9,5,9
7970,-42.15,-40.00,0,0,0,3,0,2,3,4,9,5,9
7980,-41.68,-40.00,0,0,0,5,6,9,2,4,9,5,9
7990,-377.95,-40.00,0,0,0,8,6,6,7,4,9,5,9
8000,-219.95,-40.00,0,0,0,8,8,7,5,4,9,5,9
8010,-103.82,-40.00,0,0,0,8,0,4,3,4,9,5,9
8020,-219.93,-40.00,0,0,0,4,2,6,6,4,9,5,9
8030,-40.75,-40.00,0,0,0,3,2,8,6,4,9,5,9
8040,-39.73,-40.00,0,0,0,7,8,5,5,4,9,5,9
8050,-146.92,-40.00,0,0,0,2,1,3,8,4,9,5,9
8060,-195.00,-40.00,1,0,1,4,9,2,1,4,9,5,9
8070,-65.55,-40.00,0,0,0,7,3,3,7,4,9,5,9
8080,-49.73,-40.00,0,0,0,5,6,3,3,4,9,5,9
8090,-41.70,-40.00,0,0,0,1,7,9,2,4,9,5,9
8100,-228.95,-40.00,0,0,0,2,0,8,5,4,9,5,9
8110,-108.27,-40.00,0,0,0,9,3,6,1,4,9,5,9
8120,-198.42,-40.00,1,0,1,3,8,7,2,4,9,5,9
8130,-39.85,-40.00,0,0,0,3,8,0,0,4,9,5,9
8140,-40.80,-40.00,0,0,0,7,7,3,9,4,9,5,9
8150,-205.48,-40.00,1,0,1,3,8,2,1,4,9,5,9
8160,-40.28,-40.00,0,0,0,4,4,8,9,4,9,5,9
8170,-220.85,-40.00,0,0,0,5,7,2,6,4,9,5,9
8180,-219.90,-40.00,0,0,0,7,5,6,3,4,9,5,9
8190,-18.35,-40.00,1,0,1,3,8,3,0,4,9,5,9
8200,-220.80,-40.00,0,0,0,6,0,7,6,4,9,5,9
8210,-219.93,-40.00,0,0,0,0,0,1,2,4,9,5,9
8220,-37.80,-40.00,1,0,1,5,6,0,7,4,9,5,9
8230,-220.85,-40.00,0,0,0,4,1,0,4,4,9,5,9
8240,-40.35,-40.00,0,0,0,4,6,5,6,4,9,5,9
8250,-21.98,-40.00,1,0,1,3,9,4,8,4,9,5,9
8260,-220.83,-40.00,0,0,0,1,1,6,1,4,9,5,9
8270,-39.80,-40.00,0,0,0,3,3,0,1,4,9,5,9
8280,-41.15,-40.00,0,0,0,0,3,6,1,4,9,5,9
8290,-41.23,-40.00,0,0,0,6,4,7,8,4,9,5,9
8300,-40.23,-40.00,0,0,0,7,3,9,8,4,9,5,9
8310,-97.87,-40.00,0,0,0,6,5,5,6,4,9,5,9
8320,-39.80,-40.00,0,0,0,5,4,0,8,4,9,5,9
8330,-41.18,-40.00,0,0,0,0,8,2,7,4,9,5,9
8340,-242.42,-40.00,0,0,0,4,1,6,7,4,9,5,9
8350,-112.87,-40.00,0,0,0,4,0,8,7,4,9,5,9
8360,-120.47,-40.00,0,0,0,8,0,9,0,4,9,5,9
8370,-219.93,-40.00,0,0,0,3,4,5,2,4,9,5,9
8380,-78.10,-40.00,0,0,0,0,1,2,3,4,9,5,9
8390,-40.75,-40.00,0,0,0,6,0,1,9,4,9,5,9
8400,-42.43,-40.00,0,0,0,0,6,3,4,4,9,5,9
8410,-40.43,-40.00,0,0,0,5,4,9,9,4,9,5,9
8420,-78.20,-40.00,0,0,0,5,2,2,7,4,9,5,9
8430,-181.55,-40.00,0,0,0,9,6,2,6,4,9,5,9
8440,-39.83,-40.00,0,0,0,8,8,2,8,4,9,5,9
8450,-40.28,-40.00,0,0,0,8,7,9,0,4,9,5,9
8460,-140.67,-40.00,0,0,0,6,7,8,4,4,9,5,9
8470,-220.40,-40.00,0,0,0,0,4,2,5,4,9,5,9
8480,-40.75,-40.00,0,0,0,6,7,9,2,4,9,5,9
8490,-60.65,-40.00,0,0,0,9,2,9,3,4,9,5,9
8500,-233.85,-40.00,0,0,0,6,5,2,2,4,9,5,9
8510,-220.33,-40.00,0,0,0,1,5,8,8,4,9,5,9
8520,-94.27,-40.00,0,0,0,5,8,3,3,4,9,5,9
8530,-40.73,-40.00,0,0,0,0,7,7,9,4,9,5,9
8540,-205.53,-40.00,0,0,0,1,0,2,8,4,9,5,9
8550,-154.18,-40.00,0,0,0,1,0,3,1,4,9,5,9
8560,-220.40,-40.00,0,0,0,4,1,9,5,4,9,5,9
8570,-23.80,-40.00,1,0,1,4,6,6,2,4,9,5,9
8580,-197.48,-40.00,1,0,1,3,8,4,0,4,9,5,9
8590,-110.55,-40.00,0,0,0,2,6,0,2,4,9,5,9
8600,-14.93,-40.00,1,0,1,4,8,9,1,4,9,5,9
8610,-24.40,-40.00,1,0,1,5,7,3,2,4,9,5,9
8620,-236.97,-40.00,0,0,0,6,5,5,1,4,9,5,9
8630,-39.78,-40.00,0,0,0,3,4,6,5,4,9,5,9
8640,-16.28,-40.00,1,0,1,4,8,9,8,4,9,5,9
8650,-8.85,12.10,1,1,2,2,9,6,9,4,9,5,9
8660,-31.75,-40.00,1,0,1,5,5,3,5,4,9,5,9
8670,-400.00,-40.00,0,0,0,7,6,8,1,4,9,5,9
8680,-219.93,-40.00,0,0,0,3,5,1,6,4,9,5,9
8690,-219.88,-40.00,0,0,0,2,8,7,6,4,9,5,9
8700,-41.25,-40.00,0,0,0,5,3,0,4,4,9,5,9
8710,-194.25,-40.00,0,0,0,4,9,6,5,4,9,5,9
8720,-41.68,-40.00,0,0,0,3,0,5,4,4,9,5,9
8730,-42.18,-40.00,0,0,0,7,9,3,2,4,9,5,9
8740,-39.93,-40.00,0,0,0,5,4,9,1,4,9,5,9
8750,-40.73,-40.00,0,0,0,1,8,3,0,4,9,5,9
8760,-41.68,-40.00,0,0,0,6,1,1,7,4,9,5,9
8770,-110.02,-40.00,0,0,0,2,4,7,3,4,9,5,9
8780,-54.80,-40.00,0,0,0,6,3,6,4,4,9,5,9
8790,-42.98,-40.00,0,0,0,5,5,6,5,4,9,5,9
8800,-39.93,-40.00,0,0,0,5,9,9,8,4,9,5,9
8810,-220.90,-40.00,0,0,0,8,1,5,3,4,9,5,9
8820,-39.88,-40.00,0,0,0,9,8,7,9,4,9,5,9
8830,-220.00,-40.00,0,0,0,0,9,7,2,4,9,5,9
8840,-210.50,-40.00,0,0,0,7,5,6,4,4,9,5,9
8850,-39.80,-40.00,0,0,0,8,3,2,7,4,9,5,9
8860,-53.40,-40.00,0,0,0,1,4,0,5,4,9,5,9
8870,-391.00,-40.00,0,0,0,2,6,8,0,4,9,5,9
8880,-198.72,-40.00,0,0,0,7,6,7,7,4,9,5,9
8890,-109.70,-40.00,0,1,1,8,2,5,8,4,9,5,9
8900,-88.90,-40.00,0,0,0,6,5,8,4,4,9,5,9
8910,-74.07,-40.00,0,0,0,6,9,0,3,4,9,5,9
8920,-41.58,-40.00,0,0,0,0,3,6,2,4,9,5,9
8930,-39.88,-40.00,0,0,0,0,0,2,8,4,9,5,9
8940,-43.40,-40.00,0,0,0,5,7,3,2,4,9,5,9
8950,-296.47,-40.00,0,0,0,4,2,1,7,4,9,5,9
8960,-198.18,-40.00,1,0,1,3,6,7,2,4,9,5,9
8970,-272.50,-40.00,0,0,0,1,1,2,1,4,9,5,9
8980,-40.38,-40.00,0,0,0,6,0,6,8,4,9,5,9
8990,-220.43,-40.00,0,0,0,7,9,1,2,4,9,5,9
9000,-42.13,-40.00,0,0,0,6,8,3,1,4,9,5,9
9010,-208.65,-40.00,0,0,0,6,1,2,4,4,9,5,9
9020,-49.00,-40.00,0,0,0,8,7,4,4,4,9,5,9
9030,-40.30,-40.00,0,0,0,0,0,3,6,4,9,5,9
9040,-219.98,-40.00,0,0,0,7,8,4,2,4,9,5,9
9050,-219.90,-40.00,0,0,0,7,6,2,8,4,9,5,9
9060,-268.47,-40.00,0,0,0,2,2,7,2,4,9,5,9
9070,-384.70,-40.00,0,0,0,1,2,1,4,4,9,5,9
9080,-22.43,-40.00,1,0,1,6,0,3,1,4,9,5,9
9090,-206.83,-40.00,0,0,0,7,7,9,5,4,9,5,9
9100,-219.93,-40.00,0,0,0,1,5,2,8,4,9,5,9
9110,-41.25,-40.00,0,0,0,3,1,8,6,4,9,5,9
9120,-195.05,-40.00,1,0,1,4,8,7,5,4,9,5,9
9130,-160.07,-40.00,0,0,0,2,4,3,7,4,9,5,9
9140,-219.95,-40.00,0,0,0,9,0,7,1,4,9,5,9
9150,-195.10,-40.00,1,0,1,4,4,8,5,4,9,5,9
9160,-219.95,-40.00,0,0,0,8,1,6,8,4,9,5,9
9170,-63.28,-40.00,0,0,0,1,7,3,3,4,9,5,9
9180,-16.95,-40.00,1,0,1,3,1,0,0,4,9,5,9
9190,-25.33,-40.00,1,0,1,3,7,0,3,4,9,5,9
9200,-39.83,-40.00,0,0,0,5,6,5,5,4,9,5,9
9210,-228.08,-40.00,0,0,0,2,2,2,1,4,9,5,9
9220,-208.05,-40.00,0,0,0,2,3,2,2,4,9,5,9
9230,-39.85,-40.00,0,0,0,6,3,1,3,4,9,5,9
9240,-92.60,-40.00,0,0,0,1,9,0,3,4,9,5,9
9250,-205.50,-40.00,0,0,0,7,4,4,7,4,9,5,9
9260,-43.93,-40.00,0,0,0,9,4,7,7,4,9,5,9
9270,-42.50,-40.00,0,0,0,0,3,3,5,4,9,5,9
9280,-41.28,-40.00,0,0,0,3,8,5,9,4,9,5,9
9290,-220.38,-40.00,0,0,0,5,1,3,4,4,9,5,9
9300,-33.18,-40.00,1,0,1,6,8,9,8,4,9,5,9
9310,-232.58,-40.00,0,0,0,2,2,1,6,4,9,5,9
9320,-40.30,-40.00,0,0,0,3,2,1,9,4,9,5,9
9330,-123.57,-40.00,0,0,0,5,2,9,8,4,9,5,9
9340,-199.55,-40.00,1,0,1,6,4,7,2,4,9,5,9
9350,-15.00,-40.00,0,1,1,6,9,5,9,4,9,5,9
9360,-39.90,-40.00,0,0,0,6,7,9,7,4,9,5,9
9370,-219.90,-40.00,0,0,0,9,4,7,2,4,9,5,9
9380,-143.15,-40.00,0,1,1,7,5,2,8,4,9,5,9
9390,-41.30,-40.00,0,0,0,8,9,5,7,4,9,5,9
9400,-219.98,-40.00,0,0,0,4,8,1,5,4,9,5,9
9410,-307.75,-40.00,0,0,0,8,2,2,1,4,9,5,9
9420,-220.43,-40.00,0,0,0,7,2,5,3,4,9,5,9
9430,-16.48,-40.00,0,1,1,0,6,6,9,4,9,5,9
9440,-39.90,-40.00,0,0,0,2,9,9,3,4,9,5,9
9450,-219.95,-40.00,0,0,0,8,3,4,1,4,9,5,9
9460,-199.53,-40.00,1,0,1,9,8,2,2,4,9,5,9
9470,-14.95,-40.00,0,1,1,0,0,5,9,4,9,5,9
9480,-58.90,-40.00,0,0,0,4,0,5,1,4,9,5,9
9490,-223.10,-40.00,0,0,0,8,2,7,3,4,9,5,9
9500,-220.35,-40.00,0,0,0,7,2,4,7,4,9,5,9
9510,-43.00,-40.00,0,0,0,1,5,4,7,4,9,5,9
9520,-39.85,-40.00,0,0,0,4,5,9,8,4,9,5,9
9530,-298.55,-40.00,0,0,0,5,0,5,2,4,9,5,9
9540,-124.40,-40.00,0,0,0,6,7,7,6,4,9,5,9
9550,-42.60,-40.00,0,0,0,0,9,6,1,4,9,5,9
9560,-219.98,-40.00,0,0,0,5,1,5,8,4,9,5,9
9570,-189.83,-40.00,0,0,0,5,0,3,2,4,9,5,9
9580,-48.03,-40.00,0,0,0,3,5,8,4,4,9,5,9
9590,-39.95,-40.00,0,0,0,6,9,9,3,4,9,5,9
9600,-203.80,-40.00,0,0,0,5,9,8,0,4,9,5,9
9610,-308.20,-40.00,0,0,0,8,5,4,0,4,9,5,9
9620,-70.05,-40.00,0,0,0,0,5,8,4,4,9,5,9
9630,-40.80,-40.00,0,0,0,3,7,7,7,4,9,5,9
9640,-253.75,-40.00,0,0,0,7,0,2,2,4,9,5,9
9650,-212.65,-40.00,0,0,0,0,2,5,0,4,9,5,9
9660,-283.40,-40.00,0,0,0,1,0,7,5,4,9,5,9
9670,-14.85,-40.00,1,0,1,4,8,7,8,4,9,5,9
9680,-39.90,-40.00,0,0,0,8,8,2,8,4,9,5,9
9690,-39.90,-40.00,0,0,0,3,3,2,8,4,9,5,9
9700,-57.03,-40.00,0,0,0,8,4,3,2,4,9,5,9
9710,-80.82,-40.00,0,0,0,7,3,5,5,4,9,5,9
9720,-219.95,-40.00,0,0,0,7,5,4,5,4,9,5,9
9730,-29.00,-40.00,1,0,1,6,7,9,4,4,9,5,9
9740,-21.28,-40.00,1,0,1,7,8,3,2,4,9,5,9
9750,-212.13,-40.00,1,0,1,0,2,8,5,4,9,5,9
9760,-113.65,-40.00,0,0,0,6,0,0,5,4,9,5,9
9770,-126.42,-40.00,1,0,1,0,0,3,3,4,9,5,9
9780,-78.22,-40.00,0,0,0,3,2,3,1,4,9,5,9
9790,-356.30,-40.00,0,0,0,9,6,8,6,4,9,5,9
9800,-228.53,-40.00,0,0,0,5,0,4,2,4,9,5,9
9810,-219.95,-40.00,0,0,0,3,5,5,1,4,9,5,9
9820,-40.38,-40.00,0,0,0,0,0,5,7,4,9,5,9
9830,-24.93,-40.00,1,0,1,3,9,5,1,4,9,5,9
9840,-219.98,-40.00,0,0,0,7,5,0,9,4,9,5,9
9850,-68.72,-40.00,0,0,0,0,2,4,4,4,9,5,9
9860,-46.15,-40.00,0,0,0,6,6,0,3,4,9,5,9
9870,-219.90,-40.00,0,0,0,4,2,6,4,4,9,5,9
9880,-219.95,-40.00,0,0,0,1,6,8,9,4,9,5,9
9890,-219.98,-40.00,0,0,0,8,8,8,6,4,9,5,9
9900,-221.33,-40.00,0,0,0,7,6,3,3,4,9,5,9
9910,-400.00,-40.00,0,0,0,1,1,8,2,4,9,5,9
9920,-219.95,-40.00,0,0,0,4,7,4,1,4,9,5,9
9930,-51.15,-40.00,0,0,0,3,1,2,2,4,9,5,9
9940,-224.03,-40.00,1,0,1,0,7,2,2,4,9,5,9
9950,-57.88,-40.00,0,0,0,2,8,6,3,4,9,5,9
9960,-38.82,-40.00,1,0,1,1,8,2,4,4,9,5,9
9970,-46.23,-40.00,0,0,0,5,9,7,3,4,9,5,9
9980,-39.95,-40.00,0,0,0,0,7,8,9,4,9,5,9
9990,-161.40,-40.00,0,0,0,8,5,2,4,4,9,5,9
